/*
 Navicat Premium Data Transfer

 Source Server         : hh
 Source Server Type    : MySQL
 Source Server Version : 50553
 Source Host           : localhost:3306
 Source Schema         : dormitorys

 Target Server Type    : MySQL
 Target Server Version : 50553
 File Encoding         : 65001

 Date: 14/03/2021 20:28:53
*/

SET NAMES utf8mb4;
SET FOREIGN_KEY_CHECKS = 0;

-- ----------------------------
-- Table structure for admins
-- ----------------------------
DROP TABLE IF EXISTS `admins`;
CREATE TABLE `admins`  (
  `createdAt` datetime NOT NULL,
  `updatedAt` datetime NOT NULL,
  `buildingId` int(11) NOT NULL,
  `userId` int(11) NOT NULL,
  PRIMARY KEY (`buildingId`, `userId`) USING BTREE,
  INDEX `userId`(`userId`) USING BTREE,
  CONSTRAINT `admins_ibfk_1` FOREIGN KEY (`buildingId`) REFERENCES `buildings` (`id`) ON DELETE CASCADE ON UPDATE CASCADE,
  CONSTRAINT `admins_ibfk_2` FOREIGN KEY (`userId`) REFERENCES `users` (`id`) ON DELETE CASCADE ON UPDATE CASCADE
) ENGINE = InnoDB CHARACTER SET = utf8 COLLATE = utf8_general_ci ROW_FORMAT = Compact;

-- ----------------------------
-- Records of admins
-- ----------------------------
INSERT INTO `admins` VALUES ('2020-02-22 14:47:30', '2020-02-22 14:47:30', 3, 2);
INSERT INTO `admins` VALUES ('2020-02-22 14:59:08', '2020-02-22 14:59:08', 6, 2);
INSERT INTO `admins` VALUES ('2020-02-24 14:22:51', '2020-02-24 14:22:51', 7, 12);
INSERT INTO `admins` VALUES ('2021-03-12 15:12:08', '2021-03-12 15:12:08', 8, 2);
INSERT INTO `admins` VALUES ('2021-03-13 03:37:31', '2021-03-13 03:37:31', 10, 2);
INSERT INTO `admins` VALUES ('2021-03-13 03:37:20', '2021-03-13 03:37:20', 12, 12);

-- ----------------------------
-- Table structure for backrecords
-- ----------------------------
DROP TABLE IF EXISTS `backrecords`;
CREATE TABLE `backrecords`  (
  `id` int(11) NOT NULL AUTO_INCREMENT,
  `createdAt` datetime NOT NULL,
  `updatedAt` datetime NOT NULL,
  `deletedAt` datetime NULL DEFAULT NULL,
  `userId` int(11) NULL DEFAULT NULL,
  `roomId` int(11) NULL DEFAULT NULL,
  PRIMARY KEY (`id`) USING BTREE,
  INDEX `roomId`(`roomId`) USING BTREE,
  CONSTRAINT `backrecords_ibfk_1` FOREIGN KEY (`roomId`) REFERENCES `rooms` (`id`) ON DELETE SET NULL ON UPDATE CASCADE
) ENGINE = InnoDB AUTO_INCREMENT = 22 CHARACTER SET = utf8 COLLATE = utf8_general_ci ROW_FORMAT = Compact;

-- ----------------------------
-- Records of backrecords
-- ----------------------------
INSERT INTO `backrecords` VALUES (1, '2020-02-15 17:47:55', '2020-02-15 17:47:55', NULL, 1, 1);
INSERT INTO `backrecords` VALUES (2, '2020-02-17 13:56:02', '2020-02-17 22:56:55', NULL, 1, 1);
INSERT INTO `backrecords` VALUES (3, '2020-02-17 13:56:02', '2020-02-18 19:04:43', NULL, 4, 1);
INSERT INTO `backrecords` VALUES (4, '2020-02-01 13:56:02', '2020-02-17 13:56:02', NULL, 5, 1);
INSERT INTO `backrecords` VALUES (5, '2020-02-02 13:56:02', '2020-02-01 13:56:02', NULL, 5, 1);
INSERT INTO `backrecords` VALUES (6, '2020-02-03 13:56:02', '2020-02-01 13:56:02', NULL, 5, 1);
INSERT INTO `backrecords` VALUES (7, '2020-02-19 12:43:57', '2020-02-19 12:43:57', NULL, 1, 1);
INSERT INTO `backrecords` VALUES (14, '2020-02-21 14:27:53', '2020-02-21 14:27:53', NULL, 6, 2);
INSERT INTO `backrecords` VALUES (15, '2020-02-22 12:31:26', '2020-02-22 12:31:26', NULL, 1, 1);
INSERT INTO `backrecords` VALUES (16, '2020-02-22 14:44:39', '2020-02-22 14:44:39', NULL, 6, 2);
INSERT INTO `backrecords` VALUES (17, '2020-02-24 11:49:19', '2020-02-24 11:49:19', NULL, 5, 1);
INSERT INTO `backrecords` VALUES (18, '2020-02-24 14:08:36', '2020-02-24 14:08:36', NULL, 11, 1);
INSERT INTO `backrecords` VALUES (19, '2020-02-24 14:36:11', '2020-02-24 14:36:11', NULL, 1, 1);
INSERT INTO `backrecords` VALUES (20, '2021-03-12 14:54:07', '2021-03-12 14:54:07', NULL, 1, 1);
INSERT INTO `backrecords` VALUES (21, '2021-03-12 14:57:46', '2021-03-12 14:57:46', NULL, 13, 1);

-- ----------------------------
-- Table structure for buildings
-- ----------------------------
DROP TABLE IF EXISTS `buildings`;
CREATE TABLE `buildings`  (
  `id` int(11) NOT NULL AUTO_INCREMENT,
  `name` varchar(255) CHARACTER SET utf8 COLLATE utf8_general_ci NOT NULL COMMENT '楼宇名称',
  `createdAt` datetime NOT NULL,
  `updatedAt` datetime NOT NULL,
  `deletedAt` datetime NULL DEFAULT NULL,
  PRIMARY KEY (`id`) USING BTREE
) ENGINE = InnoDB AUTO_INCREMENT = 13 CHARACTER SET = utf8 COLLATE = utf8_general_ci ROW_FORMAT = Compact;

-- ----------------------------
-- Records of buildings
-- ----------------------------
INSERT INTO `buildings` VALUES (1, '通天苑', '2020-02-15 14:34:55', '2020-02-15 14:34:55', '2021-03-13 03:37:04');
INSERT INTO `buildings` VALUES (2, '大西门', '2020-02-15 14:34:55', '2020-02-15 14:34:55', '2021-03-12 15:21:56');
INSERT INTO `buildings` VALUES (3, '于心苑', '2020-02-21 11:36:05', '2020-02-21 11:36:07', '2021-03-13 03:37:07');
INSERT INTO `buildings` VALUES (6, '测试楼层', '2020-02-22 14:58:45', '2020-02-22 14:58:45', NULL);
INSERT INTO `buildings` VALUES (7, '测试楼2', '2020-02-24 14:22:24', '2020-02-24 14:22:24', '2021-03-13 03:37:10');
INSERT INTO `buildings` VALUES (8, '物流', '0000-00-00 00:00:00', '0000-00-00 00:00:00', '2021-03-12 15:21:51');
INSERT INTO `buildings` VALUES (9, '101', '2021-03-12 15:21:35', '2021-03-12 15:21:35', '2021-03-12 15:21:48');
INSERT INTO `buildings` VALUES (10, '新五栋', '2021-03-12 15:22:13', '2021-03-12 15:22:13', NULL);
INSERT INTO `buildings` VALUES (11, '二楼', '2021-03-13 03:34:56', '2021-03-13 03:34:56', '2021-03-13 03:35:09');
INSERT INTO `buildings` VALUES (12, '新七栋', '2021-03-13 03:36:56', '2021-03-13 03:36:56', NULL);

-- ----------------------------
-- Table structure for cleaners
-- ----------------------------
DROP TABLE IF EXISTS `cleaners`;
CREATE TABLE `cleaners`  (
  `id` int(11) NOT NULL AUTO_INCREMENT,
  `name` varchar(255) CHARACTER SET utf8 COLLATE utf8_general_ci NOT NULL COMMENT '保洁员姓名',
  `phone` varchar(255) CHARACTER SET utf8 COLLATE utf8_general_ci NULL DEFAULT NULL COMMENT '保洁员电话',
  `createdAt` datetime NOT NULL,
  `updatedAt` datetime NOT NULL,
  `deletedAt` datetime NULL DEFAULT NULL,
  `buildingId` int(11) NULL DEFAULT NULL,
  PRIMARY KEY (`id`) USING BTREE,
  INDEX `buildingId`(`buildingId`) USING BTREE,
  CONSTRAINT `cleaners_ibfk_1` FOREIGN KEY (`buildingId`) REFERENCES `buildings` (`id`) ON DELETE SET NULL ON UPDATE CASCADE
) ENGINE = InnoDB AUTO_INCREMENT = 7 CHARACTER SET = utf8 COLLATE = utf8_general_ci ROW_FORMAT = Compact;

-- ----------------------------
-- Records of cleaners
-- ----------------------------
INSERT INTO `cleaners` VALUES (1, '凉风阿姨', '13822222222', '2020-02-15 14:34:55', '2020-02-15 14:34:55', NULL, 1);
INSERT INTO `cleaners` VALUES (2, '巫山阿姨', '12233333333', '2020-02-22 11:09:56', '2020-02-22 11:09:56', NULL, 1);
INSERT INTO `cleaners` VALUES (3, '宿舍阿姨', '12345678901', '2020-02-22 12:29:49', '2020-02-22 12:29:49', '2020-02-23 10:09:39', 1);
INSERT INTO `cleaners` VALUES (4, '贝贝阿姨', '123455666666', '2020-02-22 12:34:11', '2020-02-22 12:34:11', NULL, 2);
INSERT INTO `cleaners` VALUES (5, '测试阿姨', '12333333333', '2020-02-22 16:11:30', '2020-02-22 16:11:30', NULL, 6);
INSERT INTO `cleaners` VALUES (6, '测试保洁员', '12333333333', '2020-02-24 14:23:47', '2020-02-24 14:23:47', NULL, 7);

-- ----------------------------
-- Table structure for cleanrecords
-- ----------------------------
DROP TABLE IF EXISTS `cleanrecords`;
CREATE TABLE `cleanrecords`  (
  `id` int(11) NOT NULL AUTO_INCREMENT,
  `createdAt` datetime NOT NULL,
  `updatedAt` datetime NOT NULL,
  `deletedAt` datetime NULL DEFAULT NULL,
  `userId` int(11) NULL DEFAULT NULL,
  `roomId` int(11) NULL DEFAULT NULL,
  PRIMARY KEY (`id`) USING BTREE,
  INDEX `roomId`(`roomId`) USING BTREE,
  CONSTRAINT `cleanrecords_ibfk_1` FOREIGN KEY (`roomId`) REFERENCES `rooms` (`id`) ON DELETE SET NULL ON UPDATE CASCADE
) ENGINE = InnoDB AUTO_INCREMENT = 12 CHARACTER SET = utf8 COLLATE = utf8_general_ci ROW_FORMAT = Compact;

-- ----------------------------
-- Records of cleanrecords
-- ----------------------------
INSERT INTO `cleanrecords` VALUES (1, '2020-02-12 21:46:16', '2020-02-19 21:46:22', NULL, 1, 1);
INSERT INTO `cleanrecords` VALUES (2, '2020-02-16 12:22:36', '2020-02-19 21:46:39', NULL, 1, 1);
INSERT INTO `cleanrecords` VALUES (3, '2020-02-19 14:12:22', '2020-02-19 22:12:54', NULL, 4, 1);
INSERT INTO `cleanrecords` VALUES (5, '2020-02-20 07:00:37', '2020-02-20 07:00:37', NULL, 1, 1);
INSERT INTO `cleanrecords` VALUES (6, '2020-02-21 08:56:01', '2020-02-21 08:56:01', NULL, 6, 2);
INSERT INTO `cleanrecords` VALUES (7, '2020-02-21 10:20:59', '2020-02-21 10:20:59', NULL, 1, 1);
INSERT INTO `cleanrecords` VALUES (8, '2020-02-21 17:26:48', '2020-02-21 17:26:48', NULL, 1, 1);
INSERT INTO `cleanrecords` VALUES (9, '2020-02-22 14:44:43', '2020-02-22 14:44:43', NULL, 6, 2);
INSERT INTO `cleanrecords` VALUES (10, '2020-02-24 11:49:17', '2020-02-24 11:49:17', NULL, 5, 1);
INSERT INTO `cleanrecords` VALUES (11, '2021-03-12 14:54:09', '2021-03-12 14:54:09', NULL, 1, 1);

-- ----------------------------
-- Table structure for evaluates
-- ----------------------------
DROP TABLE IF EXISTS `evaluates`;
CREATE TABLE `evaluates`  (
  `id` int(11) NOT NULL AUTO_INCREMENT,
  `score` int(11) NOT NULL COMMENT '评价分数',
  `note` varchar(255) CHARACTER SET utf8 COLLATE utf8_general_ci NULL DEFAULT NULL COMMENT '评价备注',
  `createdAt` datetime NOT NULL,
  `updatedAt` datetime NOT NULL,
  `deletedAt` datetime NULL DEFAULT NULL,
  `userId` int(11) NULL DEFAULT NULL,
  `roomId` int(11) NULL DEFAULT NULL,
  PRIMARY KEY (`id`) USING BTREE,
  INDEX `roomId`(`roomId`) USING BTREE,
  CONSTRAINT `evaluates_ibfk_1` FOREIGN KEY (`roomId`) REFERENCES `rooms` (`id`) ON DELETE SET NULL ON UPDATE CASCADE
) ENGINE = InnoDB AUTO_INCREMENT = 8 CHARACTER SET = utf8 COLLATE = utf8_general_ci ROW_FORMAT = Compact;

-- ----------------------------
-- Records of evaluates
-- ----------------------------
INSERT INTO `evaluates` VALUES (1, 98, '宿舍不错', '2020-02-15 14:34:55', '2020-02-15 14:34:55', NULL, 2, 1);
INSERT INTO `evaluates` VALUES (2, 75, '一般般吧', '2020-02-13 21:20:13', '2020-02-13 21:20:25', NULL, 2, 1);
INSERT INTO `evaluates` VALUES (3, 59, '很差劲', '2020-02-01 21:20:42', '2020-02-01 21:20:46', NULL, 2, 1);
INSERT INTO `evaluates` VALUES (5, 60, '一般一般', '2020-02-24 13:50:59', '2020-02-24 14:14:19', '2020-02-24 14:14:19', 2, 1);
INSERT INTO `evaluates` VALUES (6, 100, '不错i', '2020-02-24 13:51:55', '2020-02-24 14:01:27', '2020-02-24 14:01:27', 2, 1);
INSERT INTO `evaluates` VALUES (7, 60, '评价测试', '2020-02-24 14:14:38', '2020-02-24 14:14:38', NULL, 2, 1);

-- ----------------------------
-- Table structure for floors
-- ----------------------------
DROP TABLE IF EXISTS `floors`;
CREATE TABLE `floors`  (
  `id` int(11) NOT NULL AUTO_INCREMENT,
  `layer` int(11) NULL DEFAULT NULL COMMENT '楼层',
  `buildingId` int(11) NULL DEFAULT NULL,
  `createdAt` datetime NOT NULL,
  `updatedAt` datetime NOT NULL,
  `deletedAt` datetime NULL DEFAULT NULL,
  `cleanerId` int(11) NULL DEFAULT NULL,
  PRIMARY KEY (`id`) USING BTREE,
  UNIQUE INDEX `compositeIndex`(`layer`, `buildingId`) USING BTREE,
  INDEX `buildingId`(`buildingId`) USING BTREE,
  INDEX `cleanerId`(`cleanerId`) USING BTREE,
  CONSTRAINT `floors_ibfk_1` FOREIGN KEY (`buildingId`) REFERENCES `buildings` (`id`) ON DELETE RESTRICT ON UPDATE CASCADE,
  CONSTRAINT `floors_ibfk_2` FOREIGN KEY (`cleanerId`) REFERENCES `cleaners` (`id`) ON DELETE SET NULL ON UPDATE CASCADE
) ENGINE = InnoDB AUTO_INCREMENT = 32 CHARACTER SET = utf8 COLLATE = utf8_general_ci ROW_FORMAT = Compact;

-- ----------------------------
-- Records of floors
-- ----------------------------
INSERT INTO `floors` VALUES (1, 1, 1, '2020-02-15 14:34:55', '2020-02-24 14:12:32', NULL, 1);
INSERT INTO `floors` VALUES (2, 2, 1, '2020-02-15 14:34:55', '2020-02-24 14:12:37', NULL, NULL);
INSERT INTO `floors` VALUES (3, 3, 1, '2020-02-15 14:34:55', '2020-02-23 10:09:51', NULL, 1);
INSERT INTO `floors` VALUES (4, 4, 1, '2020-02-15 14:34:55', '2020-02-15 14:34:55', NULL, NULL);
INSERT INTO `floors` VALUES (5, 5, 1, '2020-02-15 14:34:55', '2020-02-15 14:34:55', NULL, NULL);
INSERT INTO `floors` VALUES (6, 6, 1, '2020-02-15 14:34:55', '2020-02-15 14:34:55', NULL, NULL);
INSERT INTO `floors` VALUES (7, 7, 1, '2020-02-15 14:34:55', '2020-02-15 14:34:55', NULL, NULL);
INSERT INTO `floors` VALUES (8, 8, 1, '2020-02-15 14:34:55', '2020-02-15 14:34:55', NULL, NULL);
INSERT INTO `floors` VALUES (9, 9, 1, '2020-02-15 14:34:55', '2020-02-15 14:34:55', NULL, NULL);
INSERT INTO `floors` VALUES (10, 10, 1, '2020-02-15 14:34:55', '2020-02-15 14:34:55', NULL, NULL);
INSERT INTO `floors` VALUES (11, 1, 3, '2020-02-21 11:36:29', '2020-02-21 11:36:31', NULL, NULL);
INSERT INTO `floors` VALUES (14, 1, 6, '2020-02-22 14:58:45', '2020-02-22 16:11:39', NULL, 5);
INSERT INTO `floors` VALUES (15, 2, 6, '2020-02-22 14:58:45', '2020-02-24 14:12:21', NULL, 5);
INSERT INTO `floors` VALUES (16, 3, 6, '2020-02-22 14:58:45', '2020-02-22 14:58:45', NULL, NULL);
INSERT INTO `floors` VALUES (17, 4, 6, '2020-02-22 14:58:45', '2020-02-22 14:58:45', NULL, NULL);
INSERT INTO `floors` VALUES (18, 5, 6, '2020-02-22 14:58:45', '2020-02-22 14:58:45', NULL, NULL);
INSERT INTO `floors` VALUES (19, 6, 6, '2020-02-22 14:58:46', '2021-03-12 15:00:06', NULL, 5);
INSERT INTO `floors` VALUES (20, 7, 6, '2020-02-22 14:58:46', '2021-03-12 15:00:02', NULL, 5);
INSERT INTO `floors` VALUES (21, 8, 6, '2020-02-22 14:58:46', '2020-02-22 14:58:46', NULL, NULL);
INSERT INTO `floors` VALUES (22, 9, 6, '2020-02-22 14:58:46', '2020-02-22 14:58:46', NULL, NULL);
INSERT INTO `floors` VALUES (23, 1, 7, '2020-02-24 14:22:24', '2020-02-24 14:24:13', NULL, 6);
INSERT INTO `floors` VALUES (24, 2, 7, '2020-02-24 14:22:25', '2020-02-24 14:24:19', NULL, 6);
INSERT INTO `floors` VALUES (25, 3, 7, '2020-02-24 14:22:25', '2020-02-24 14:22:25', NULL, NULL);
INSERT INTO `floors` VALUES (26, 1, 9, '2021-03-12 15:21:35', '2021-03-12 15:21:35', NULL, NULL);
INSERT INTO `floors` VALUES (27, 1, 10, '2021-03-12 15:22:13', '2021-03-12 15:22:13', NULL, NULL);
INSERT INTO `floors` VALUES (28, 1, 11, '2021-03-13 03:34:56', '2021-03-13 03:34:56', NULL, NULL);
INSERT INTO `floors` VALUES (29, 1, 12, '2021-03-13 03:36:56', '2021-03-13 03:36:56', NULL, NULL);
INSERT INTO `floors` VALUES (30, 2, 12, '2021-03-13 03:36:56', '2021-03-13 03:36:56', NULL, NULL);
INSERT INTO `floors` VALUES (31, 3, 12, '2021-03-13 03:36:57', '2021-03-13 03:36:57', NULL, NULL);

-- ----------------------------
-- Table structure for getuprecords
-- ----------------------------
DROP TABLE IF EXISTS `getuprecords`;
CREATE TABLE `getuprecords`  (
  `id` int(11) NOT NULL AUTO_INCREMENT,
  `createdAt` datetime NOT NULL,
  `updatedAt` datetime NOT NULL,
  `deletedAt` datetime NULL DEFAULT NULL,
  `userId` int(11) NULL DEFAULT NULL,
  `roomId` int(11) NULL DEFAULT NULL,
  PRIMARY KEY (`id`) USING BTREE,
  INDEX `roomId`(`roomId`) USING BTREE,
  CONSTRAINT `getuprecords_ibfk_1` FOREIGN KEY (`roomId`) REFERENCES `rooms` (`id`) ON DELETE SET NULL ON UPDATE CASCADE
) ENGINE = InnoDB AUTO_INCREMENT = 40 CHARACTER SET = utf8 COLLATE = utf8_general_ci ROW_FORMAT = Compact;

-- ----------------------------
-- Records of getuprecords
-- ----------------------------
INSERT INTO `getuprecords` VALUES (8, '2020-02-15 12:11:17', '2020-02-15 12:11:17', NULL, 4, 1);
INSERT INTO `getuprecords` VALUES (9, '2020-02-16 12:12:00', '2020-02-16 12:12:00', NULL, 1, 1);
INSERT INTO `getuprecords` VALUES (13, '2020-02-16 17:16:14', '2020-02-16 17:16:14', NULL, 1, 1);
INSERT INTO `getuprecords` VALUES (14, '2020-02-01 21:24:26', '2020-02-01 21:24:31', NULL, 1, 1);
INSERT INTO `getuprecords` VALUES (16, '2020-02-18 11:06:43', '2020-02-18 11:06:43', NULL, 1, 1);
INSERT INTO `getuprecords` VALUES (17, '2020-02-19 12:41:58', '2020-02-19 12:41:58', NULL, 1, 1);
INSERT INTO `getuprecords` VALUES (27, '2020-02-21 14:25:18', '2020-02-21 14:25:18', NULL, 6, 2);
INSERT INTO `getuprecords` VALUES (28, '2020-02-22 12:31:23', '2020-02-22 12:31:23', NULL, 1, 1);
INSERT INTO `getuprecords` VALUES (29, '2020-02-22 14:44:37', '2020-02-22 14:44:37', NULL, 6, 2);
INSERT INTO `getuprecords` VALUES (30, '2020-02-24 11:49:22', '2020-02-24 11:49:22', NULL, 5, 1);
INSERT INTO `getuprecords` VALUES (31, '2020-01-09 19:51:21', '2020-02-06 19:51:28', NULL, 4, 1);
INSERT INTO `getuprecords` VALUES (32, '2020-01-17 19:51:43', '2020-02-24 19:51:50', NULL, 5, 1);
INSERT INTO `getuprecords` VALUES (33, '2020-01-24 19:52:03', '2020-02-24 19:52:08', NULL, 5, 1);
INSERT INTO `getuprecords` VALUES (34, '2020-01-17 19:52:18', '2020-02-24 19:52:23', NULL, 5, 1);
INSERT INTO `getuprecords` VALUES (35, '2020-01-17 19:52:30', '2020-02-05 19:52:34', NULL, 1, 1);
INSERT INTO `getuprecords` VALUES (36, '2020-01-18 19:52:43', '2020-02-24 19:52:49', NULL, 1, 1);
INSERT INTO `getuprecords` VALUES (37, '2020-02-24 14:08:05', '2020-02-24 14:08:05', NULL, 11, 1);
INSERT INTO `getuprecords` VALUES (38, '2021-03-12 14:54:04', '2021-03-12 14:54:04', NULL, 1, 1);
INSERT INTO `getuprecords` VALUES (39, '2021-03-12 14:57:39', '2021-03-12 14:57:39', NULL, 13, 1);

-- ----------------------------
-- Table structure for rooms
-- ----------------------------
DROP TABLE IF EXISTS `rooms`;
CREATE TABLE `rooms`  (
  `id` int(11) NOT NULL AUTO_INCREMENT,
  `number` int(11) NULL DEFAULT NULL COMMENT '房间号',
  `buildingId` int(11) NULL DEFAULT NULL,
  `status` int(11) NOT NULL DEFAULT 1 COMMENT '宿舍状态，可入住为1，不可入住为2',
  `peopleNum` int(11) NOT NULL COMMENT '房间最大人数',
  `createdAt` datetime NOT NULL,
  `updatedAt` datetime NOT NULL,
  `deletedAt` datetime NULL DEFAULT NULL,
  `floorId` int(11) NULL DEFAULT NULL,
  PRIMARY KEY (`id`) USING BTREE,
  UNIQUE INDEX `compositeIndex`(`number`, `buildingId`) USING BTREE,
  INDEX `buildingId`(`buildingId`) USING BTREE,
  INDEX `floorId`(`floorId`) USING BTREE,
  CONSTRAINT `rooms_ibfk_1` FOREIGN KEY (`buildingId`) REFERENCES `buildings` (`id`) ON DELETE CASCADE ON UPDATE CASCADE,
  CONSTRAINT `rooms_ibfk_2` FOREIGN KEY (`floorId`) REFERENCES `floors` (`id`) ON DELETE SET NULL ON UPDATE CASCADE
) ENGINE = InnoDB AUTO_INCREMENT = 257 CHARACTER SET = utf8 COLLATE = utf8_general_ci ROW_FORMAT = Compact;

-- ----------------------------
-- Records of rooms
-- ----------------------------
INSERT INTO `rooms` VALUES (1, 101, 1, 1, 6, '2020-02-15 14:34:55', '2020-02-15 14:34:55', NULL, 1);
INSERT INTO `rooms` VALUES (2, 101, 3, 1, 6, '2020-02-21 11:37:11', '2020-02-21 11:37:14', NULL, 11);
INSERT INTO `rooms` VALUES (5, 101, 6, 1, 6, '2020-02-22 14:58:45', '2020-02-22 14:58:45', NULL, 14);
INSERT INTO `rooms` VALUES (6, 102, 6, 1, 6, '2020-02-22 14:58:45', '2020-02-22 14:58:45', NULL, 14);
INSERT INTO `rooms` VALUES (7, 103, 6, 1, 6, '2020-02-22 14:58:45', '2020-02-22 14:58:45', NULL, 14);
INSERT INTO `rooms` VALUES (8, 104, 6, 1, 6, '2020-02-22 14:58:45', '2020-02-22 14:58:45', NULL, 14);
INSERT INTO `rooms` VALUES (9, 105, 6, 1, 6, '2020-02-22 14:58:45', '2020-02-22 14:58:45', NULL, 14);
INSERT INTO `rooms` VALUES (10, 106, 6, 1, 6, '2020-02-22 14:58:45', '2020-02-22 14:58:45', NULL, 14);
INSERT INTO `rooms` VALUES (11, 107, 6, 1, 6, '2020-02-22 14:58:45', '2020-02-22 14:58:45', NULL, 14);
INSERT INTO `rooms` VALUES (12, 108, 6, 1, 6, '2020-02-22 14:58:45', '2020-02-22 14:58:45', NULL, 14);
INSERT INTO `rooms` VALUES (13, 109, 6, 1, 6, '2020-02-22 14:58:45', '2020-02-22 14:58:45', NULL, 14);
INSERT INTO `rooms` VALUES (14, 110, 6, 1, 6, '2020-02-22 14:58:45', '2020-02-22 14:58:45', NULL, 14);
INSERT INTO `rooms` VALUES (15, 111, 6, 1, 6, '2020-02-22 14:58:45', '2020-02-22 14:58:45', NULL, 14);
INSERT INTO `rooms` VALUES (16, 112, 6, 1, 6, '2020-02-22 14:58:45', '2020-02-22 14:58:45', NULL, 14);
INSERT INTO `rooms` VALUES (17, 113, 6, 1, 6, '2020-02-22 14:58:45', '2020-02-22 14:58:45', NULL, 14);
INSERT INTO `rooms` VALUES (18, 114, 6, 1, 6, '2020-02-22 14:58:45', '2020-02-22 14:58:45', NULL, 14);
INSERT INTO `rooms` VALUES (19, 115, 6, 1, 6, '2020-02-22 14:58:45', '2020-02-22 14:58:45', NULL, 14);
INSERT INTO `rooms` VALUES (20, 116, 6, 1, 6, '2020-02-22 14:58:45', '2020-02-22 14:58:45', NULL, 14);
INSERT INTO `rooms` VALUES (21, 117, 6, 1, 6, '2020-02-22 14:58:45', '2020-02-22 14:58:45', NULL, 14);
INSERT INTO `rooms` VALUES (22, 118, 6, 1, 6, '2020-02-22 14:58:45', '2020-02-22 14:58:45', NULL, 14);
INSERT INTO `rooms` VALUES (23, 119, 6, 1, 6, '2020-02-22 14:58:45', '2020-02-22 14:58:45', NULL, 14);
INSERT INTO `rooms` VALUES (24, 120, 6, 1, 6, '2020-02-22 14:58:45', '2020-02-22 14:58:45', NULL, 14);
INSERT INTO `rooms` VALUES (25, 201, 6, 1, 6, '2020-02-22 14:58:45', '2020-02-22 14:58:45', NULL, 15);
INSERT INTO `rooms` VALUES (26, 202, 6, 1, 6, '2020-02-22 14:58:45', '2020-02-22 14:58:45', NULL, 15);
INSERT INTO `rooms` VALUES (27, 203, 6, 1, 6, '2020-02-22 14:58:45', '2020-02-22 14:58:45', NULL, 15);
INSERT INTO `rooms` VALUES (28, 204, 6, 1, 6, '2020-02-22 14:58:45', '2020-02-22 14:58:45', NULL, 15);
INSERT INTO `rooms` VALUES (29, 205, 6, 1, 6, '2020-02-22 14:58:45', '2020-02-22 14:58:45', NULL, 15);
INSERT INTO `rooms` VALUES (30, 206, 6, 1, 6, '2020-02-22 14:58:45', '2020-02-22 14:58:45', NULL, 15);
INSERT INTO `rooms` VALUES (31, 207, 6, 1, 6, '2020-02-22 14:58:45', '2020-02-22 14:58:45', NULL, 15);
INSERT INTO `rooms` VALUES (32, 208, 6, 1, 6, '2020-02-22 14:58:45', '2020-02-22 14:58:45', NULL, 15);
INSERT INTO `rooms` VALUES (33, 209, 6, 1, 6, '2020-02-22 14:58:45', '2020-02-22 14:58:45', NULL, 15);
INSERT INTO `rooms` VALUES (34, 210, 6, 1, 6, '2020-02-22 14:58:45', '2020-02-22 14:58:45', NULL, 15);
INSERT INTO `rooms` VALUES (35, 211, 6, 1, 6, '2020-02-22 14:58:45', '2020-02-22 14:58:45', NULL, 15);
INSERT INTO `rooms` VALUES (36, 212, 6, 1, 6, '2020-02-22 14:58:45', '2020-02-22 14:58:45', NULL, 15);
INSERT INTO `rooms` VALUES (37, 213, 6, 1, 6, '2020-02-22 14:58:45', '2020-02-22 14:58:45', NULL, 15);
INSERT INTO `rooms` VALUES (38, 214, 6, 1, 6, '2020-02-22 14:58:45', '2020-02-22 14:58:45', NULL, 15);
INSERT INTO `rooms` VALUES (39, 215, 6, 1, 6, '2020-02-22 14:58:45', '2020-02-22 14:58:45', NULL, 15);
INSERT INTO `rooms` VALUES (40, 216, 6, 1, 6, '2020-02-22 14:58:45', '2020-02-22 14:58:45', NULL, 15);
INSERT INTO `rooms` VALUES (41, 217, 6, 1, 6, '2020-02-22 14:58:45', '2020-02-22 14:58:45', NULL, 15);
INSERT INTO `rooms` VALUES (42, 218, 6, 1, 6, '2020-02-22 14:58:45', '2020-02-22 14:58:45', NULL, 15);
INSERT INTO `rooms` VALUES (43, 219, 6, 1, 6, '2020-02-22 14:58:45', '2020-02-22 14:58:45', NULL, 15);
INSERT INTO `rooms` VALUES (44, 220, 6, 1, 6, '2020-02-22 14:58:45', '2020-02-22 14:58:45', NULL, 15);
INSERT INTO `rooms` VALUES (45, 301, 6, 1, 6, '2020-02-22 14:58:45', '2020-02-22 14:58:45', NULL, 16);
INSERT INTO `rooms` VALUES (46, 302, 6, 1, 6, '2020-02-22 14:58:45', '2020-02-22 14:58:45', NULL, 16);
INSERT INTO `rooms` VALUES (47, 303, 6, 1, 6, '2020-02-22 14:58:45', '2020-02-22 14:58:45', NULL, 16);
INSERT INTO `rooms` VALUES (48, 304, 6, 1, 6, '2020-02-22 14:58:45', '2020-02-22 14:58:45', NULL, 16);
INSERT INTO `rooms` VALUES (49, 305, 6, 1, 6, '2020-02-22 14:58:45', '2020-02-22 14:58:45', NULL, 16);
INSERT INTO `rooms` VALUES (50, 306, 6, 1, 6, '2020-02-22 14:58:45', '2020-02-22 14:58:45', NULL, 16);
INSERT INTO `rooms` VALUES (51, 307, 6, 1, 6, '2020-02-22 14:58:45', '2020-02-22 14:58:45', NULL, 16);
INSERT INTO `rooms` VALUES (52, 308, 6, 1, 6, '2020-02-22 14:58:45', '2020-02-22 14:58:45', NULL, 16);
INSERT INTO `rooms` VALUES (53, 309, 6, 1, 6, '2020-02-22 14:58:45', '2020-02-22 14:58:45', NULL, 16);
INSERT INTO `rooms` VALUES (54, 310, 6, 1, 6, '2020-02-22 14:58:45', '2020-02-22 14:58:45', NULL, 16);
INSERT INTO `rooms` VALUES (55, 311, 6, 1, 6, '2020-02-22 14:58:45', '2020-02-22 14:58:45', NULL, 16);
INSERT INTO `rooms` VALUES (56, 312, 6, 1, 6, '2020-02-22 14:58:45', '2020-02-22 14:58:45', NULL, 16);
INSERT INTO `rooms` VALUES (57, 313, 6, 1, 6, '2020-02-22 14:58:45', '2020-02-22 14:58:45', NULL, 16);
INSERT INTO `rooms` VALUES (58, 314, 6, 1, 6, '2020-02-22 14:58:45', '2020-02-22 14:58:45', NULL, 16);
INSERT INTO `rooms` VALUES (59, 315, 6, 1, 6, '2020-02-22 14:58:45', '2020-02-22 14:58:45', NULL, 16);
INSERT INTO `rooms` VALUES (60, 316, 6, 1, 6, '2020-02-22 14:58:45', '2020-02-22 14:58:45', NULL, 16);
INSERT INTO `rooms` VALUES (61, 317, 6, 1, 6, '2020-02-22 14:58:45', '2020-02-22 14:58:45', NULL, 16);
INSERT INTO `rooms` VALUES (62, 318, 6, 1, 6, '2020-02-22 14:58:45', '2020-02-22 14:58:45', NULL, 16);
INSERT INTO `rooms` VALUES (63, 319, 6, 1, 6, '2020-02-22 14:58:45', '2020-02-22 14:58:45', NULL, 16);
INSERT INTO `rooms` VALUES (64, 320, 6, 1, 6, '2020-02-22 14:58:45', '2020-02-22 14:58:45', NULL, 16);
INSERT INTO `rooms` VALUES (65, 401, 6, 1, 6, '2020-02-22 14:58:45', '2020-02-22 14:58:45', NULL, 17);
INSERT INTO `rooms` VALUES (66, 402, 6, 1, 6, '2020-02-22 14:58:45', '2020-02-22 14:58:45', NULL, 17);
INSERT INTO `rooms` VALUES (67, 403, 6, 1, 6, '2020-02-22 14:58:45', '2020-02-22 14:58:45', NULL, 17);
INSERT INTO `rooms` VALUES (68, 404, 6, 1, 6, '2020-02-22 14:58:45', '2020-02-22 14:58:45', NULL, 17);
INSERT INTO `rooms` VALUES (69, 405, 6, 1, 6, '2020-02-22 14:58:45', '2020-02-22 14:58:45', NULL, 17);
INSERT INTO `rooms` VALUES (70, 406, 6, 1, 6, '2020-02-22 14:58:45', '2020-02-22 14:58:45', NULL, 17);
INSERT INTO `rooms` VALUES (71, 407, 6, 1, 6, '2020-02-22 14:58:45', '2020-02-22 14:58:45', NULL, 17);
INSERT INTO `rooms` VALUES (72, 408, 6, 1, 6, '2020-02-22 14:58:45', '2020-02-22 14:58:45', NULL, 17);
INSERT INTO `rooms` VALUES (73, 409, 6, 1, 6, '2020-02-22 14:58:45', '2020-02-22 14:58:45', NULL, 17);
INSERT INTO `rooms` VALUES (74, 410, 6, 1, 6, '2020-02-22 14:58:45', '2020-02-22 14:58:45', NULL, 17);
INSERT INTO `rooms` VALUES (75, 411, 6, 1, 6, '2020-02-22 14:58:45', '2020-02-22 14:58:45', NULL, 17);
INSERT INTO `rooms` VALUES (76, 412, 6, 1, 6, '2020-02-22 14:58:45', '2020-02-22 14:58:45', NULL, 17);
INSERT INTO `rooms` VALUES (77, 413, 6, 1, 6, '2020-02-22 14:58:45', '2020-02-22 14:58:45', NULL, 17);
INSERT INTO `rooms` VALUES (78, 414, 6, 1, 6, '2020-02-22 14:58:45', '2020-02-22 14:58:45', NULL, 17);
INSERT INTO `rooms` VALUES (79, 415, 6, 1, 6, '2020-02-22 14:58:45', '2020-02-22 14:58:45', NULL, 17);
INSERT INTO `rooms` VALUES (80, 416, 6, 1, 6, '2020-02-22 14:58:45', '2020-02-22 14:58:45', NULL, 17);
INSERT INTO `rooms` VALUES (81, 417, 6, 1, 6, '2020-02-22 14:58:45', '2020-02-22 14:58:45', NULL, 17);
INSERT INTO `rooms` VALUES (82, 418, 6, 1, 6, '2020-02-22 14:58:45', '2020-02-22 14:58:45', NULL, 17);
INSERT INTO `rooms` VALUES (83, 419, 6, 1, 6, '2020-02-22 14:58:45', '2020-02-22 14:58:45', NULL, 17);
INSERT INTO `rooms` VALUES (84, 420, 6, 1, 6, '2020-02-22 14:58:45', '2020-02-22 14:58:45', NULL, 17);
INSERT INTO `rooms` VALUES (85, 501, 6, 1, 6, '2020-02-22 14:58:45', '2020-02-22 14:58:45', NULL, 18);
INSERT INTO `rooms` VALUES (86, 502, 6, 1, 6, '2020-02-22 14:58:45', '2020-02-22 14:58:45', NULL, 18);
INSERT INTO `rooms` VALUES (87, 503, 6, 1, 6, '2020-02-22 14:58:45', '2020-02-22 14:58:45', NULL, 18);
INSERT INTO `rooms` VALUES (88, 504, 6, 1, 6, '2020-02-22 14:58:46', '2020-02-22 14:58:46', NULL, 18);
INSERT INTO `rooms` VALUES (89, 505, 6, 1, 6, '2020-02-22 14:58:46', '2020-02-22 14:58:46', NULL, 18);
INSERT INTO `rooms` VALUES (90, 506, 6, 1, 6, '2020-02-22 14:58:46', '2020-02-22 14:58:46', NULL, 18);
INSERT INTO `rooms` VALUES (91, 507, 6, 1, 6, '2020-02-22 14:58:46', '2020-02-22 14:58:46', NULL, 18);
INSERT INTO `rooms` VALUES (92, 508, 6, 1, 6, '2020-02-22 14:58:46', '2020-02-22 14:58:46', NULL, 18);
INSERT INTO `rooms` VALUES (93, 509, 6, 1, 6, '2020-02-22 14:58:46', '2020-02-22 14:58:46', NULL, 18);
INSERT INTO `rooms` VALUES (94, 510, 6, 1, 6, '2020-02-22 14:58:46', '2020-02-22 14:58:46', NULL, 18);
INSERT INTO `rooms` VALUES (95, 511, 6, 1, 6, '2020-02-22 14:58:46', '2020-02-22 14:58:46', NULL, 18);
INSERT INTO `rooms` VALUES (96, 512, 6, 1, 6, '2020-02-22 14:58:46', '2020-02-22 14:58:46', NULL, 18);
INSERT INTO `rooms` VALUES (97, 513, 6, 1, 6, '2020-02-22 14:58:46', '2020-02-22 14:58:46', NULL, 18);
INSERT INTO `rooms` VALUES (98, 514, 6, 1, 6, '2020-02-22 14:58:46', '2020-02-22 14:58:46', NULL, 18);
INSERT INTO `rooms` VALUES (99, 515, 6, 1, 6, '2020-02-22 14:58:46', '2020-02-22 14:58:46', NULL, 18);
INSERT INTO `rooms` VALUES (100, 516, 6, 1, 6, '2020-02-22 14:58:46', '2020-02-22 14:58:46', NULL, 18);
INSERT INTO `rooms` VALUES (101, 517, 6, 1, 6, '2020-02-22 14:58:46', '2020-02-22 14:58:46', NULL, 18);
INSERT INTO `rooms` VALUES (102, 518, 6, 1, 6, '2020-02-22 14:58:46', '2020-02-22 14:58:46', NULL, 18);
INSERT INTO `rooms` VALUES (103, 519, 6, 1, 6, '2020-02-22 14:58:46', '2020-02-22 14:58:46', NULL, 18);
INSERT INTO `rooms` VALUES (104, 520, 6, 1, 6, '2020-02-22 14:58:46', '2020-02-22 14:58:46', NULL, 18);
INSERT INTO `rooms` VALUES (105, 601, 6, 1, 6, '2020-02-22 14:58:46', '2020-02-22 14:58:46', NULL, 19);
INSERT INTO `rooms` VALUES (106, 602, 6, 1, 6, '2020-02-22 14:58:46', '2020-02-22 14:58:46', NULL, 19);
INSERT INTO `rooms` VALUES (107, 603, 6, 1, 6, '2020-02-22 14:58:46', '2020-02-22 14:58:46', NULL, 19);
INSERT INTO `rooms` VALUES (108, 604, 6, 1, 6, '2020-02-22 14:58:46', '2020-02-22 14:58:46', NULL, 19);
INSERT INTO `rooms` VALUES (109, 605, 6, 1, 6, '2020-02-22 14:58:46', '2020-02-22 14:58:46', NULL, 19);
INSERT INTO `rooms` VALUES (110, 606, 6, 1, 6, '2020-02-22 14:58:46', '2020-02-22 14:58:46', NULL, 19);
INSERT INTO `rooms` VALUES (111, 607, 6, 1, 6, '2020-02-22 14:58:46', '2020-02-22 14:58:46', NULL, 19);
INSERT INTO `rooms` VALUES (112, 608, 6, 1, 6, '2020-02-22 14:58:46', '2020-02-22 14:58:46', NULL, 19);
INSERT INTO `rooms` VALUES (113, 609, 6, 1, 6, '2020-02-22 14:58:46', '2020-02-22 14:58:46', NULL, 19);
INSERT INTO `rooms` VALUES (114, 610, 6, 1, 6, '2020-02-22 14:58:46', '2020-02-22 14:58:46', NULL, 19);
INSERT INTO `rooms` VALUES (115, 611, 6, 1, 6, '2020-02-22 14:58:46', '2020-02-22 14:58:46', NULL, 19);
INSERT INTO `rooms` VALUES (116, 612, 6, 1, 6, '2020-02-22 14:58:46', '2020-02-22 14:58:46', NULL, 19);
INSERT INTO `rooms` VALUES (117, 613, 6, 1, 6, '2020-02-22 14:58:46', '2020-02-22 14:58:46', NULL, 19);
INSERT INTO `rooms` VALUES (118, 614, 6, 1, 6, '2020-02-22 14:58:46', '2020-02-22 14:58:46', NULL, 19);
INSERT INTO `rooms` VALUES (119, 615, 6, 1, 6, '2020-02-22 14:58:46', '2020-02-22 14:58:46', NULL, 19);
INSERT INTO `rooms` VALUES (120, 616, 6, 1, 6, '2020-02-22 14:58:46', '2020-02-22 14:58:46', NULL, 19);
INSERT INTO `rooms` VALUES (121, 617, 6, 1, 6, '2020-02-22 14:58:46', '2020-02-22 14:58:46', NULL, 19);
INSERT INTO `rooms` VALUES (122, 618, 6, 1, 6, '2020-02-22 14:58:46', '2020-02-22 14:58:46', NULL, 19);
INSERT INTO `rooms` VALUES (123, 619, 6, 1, 6, '2020-02-22 14:58:46', '2020-02-22 14:58:46', NULL, 19);
INSERT INTO `rooms` VALUES (124, 620, 6, 1, 6, '2020-02-22 14:58:46', '2020-02-22 14:58:46', NULL, 19);
INSERT INTO `rooms` VALUES (125, 701, 6, 1, 6, '2020-02-22 14:58:46', '2020-02-22 14:58:46', NULL, 20);
INSERT INTO `rooms` VALUES (126, 702, 6, 1, 6, '2020-02-22 14:58:46', '2020-02-22 14:58:46', NULL, 20);
INSERT INTO `rooms` VALUES (127, 703, 6, 1, 6, '2020-02-22 14:58:46', '2020-02-22 14:58:46', NULL, 20);
INSERT INTO `rooms` VALUES (128, 704, 6, 1, 6, '2020-02-22 14:58:46', '2020-02-22 14:58:46', NULL, 20);
INSERT INTO `rooms` VALUES (129, 705, 6, 1, 6, '2020-02-22 14:58:46', '2020-02-22 14:58:46', NULL, 20);
INSERT INTO `rooms` VALUES (130, 706, 6, 1, 6, '2020-02-22 14:58:46', '2020-02-22 14:58:46', NULL, 20);
INSERT INTO `rooms` VALUES (131, 707, 6, 1, 6, '2020-02-22 14:58:46', '2020-02-22 14:58:46', NULL, 20);
INSERT INTO `rooms` VALUES (132, 708, 6, 1, 6, '2020-02-22 14:58:46', '2020-02-22 14:58:46', NULL, 20);
INSERT INTO `rooms` VALUES (133, 709, 6, 1, 6, '2020-02-22 14:58:46', '2020-02-22 14:58:46', NULL, 20);
INSERT INTO `rooms` VALUES (134, 710, 6, 1, 6, '2020-02-22 14:58:46', '2020-02-22 14:58:46', NULL, 20);
INSERT INTO `rooms` VALUES (135, 711, 6, 1, 6, '2020-02-22 14:58:46', '2020-02-22 14:58:46', NULL, 20);
INSERT INTO `rooms` VALUES (136, 712, 6, 1, 6, '2020-02-22 14:58:46', '2020-02-22 14:58:46', NULL, 20);
INSERT INTO `rooms` VALUES (137, 713, 6, 1, 6, '2020-02-22 14:58:46', '2020-02-22 14:58:46', NULL, 20);
INSERT INTO `rooms` VALUES (138, 714, 6, 1, 6, '2020-02-22 14:58:46', '2020-02-22 14:58:46', NULL, 20);
INSERT INTO `rooms` VALUES (139, 715, 6, 1, 6, '2020-02-22 14:58:46', '2020-02-22 14:58:46', NULL, 20);
INSERT INTO `rooms` VALUES (140, 716, 6, 1, 6, '2020-02-22 14:58:46', '2020-02-22 14:58:46', NULL, 20);
INSERT INTO `rooms` VALUES (141, 717, 6, 1, 6, '2020-02-22 14:58:46', '2020-02-22 14:58:46', NULL, 20);
INSERT INTO `rooms` VALUES (142, 718, 6, 1, 6, '2020-02-22 14:58:46', '2020-02-22 14:58:46', NULL, 20);
INSERT INTO `rooms` VALUES (143, 719, 6, 1, 6, '2020-02-22 14:58:46', '2020-02-22 14:58:46', NULL, 20);
INSERT INTO `rooms` VALUES (144, 720, 6, 1, 6, '2020-02-22 14:58:46', '2020-02-22 14:58:46', NULL, 20);
INSERT INTO `rooms` VALUES (145, 801, 6, 1, 6, '2020-02-22 14:58:46', '2020-02-22 14:58:46', NULL, 21);
INSERT INTO `rooms` VALUES (146, 802, 6, 1, 6, '2020-02-22 14:58:46', '2020-02-22 14:58:46', NULL, 21);
INSERT INTO `rooms` VALUES (147, 803, 6, 1, 6, '2020-02-22 14:58:46', '2020-02-22 14:58:46', NULL, 21);
INSERT INTO `rooms` VALUES (148, 804, 6, 1, 6, '2020-02-22 14:58:46', '2020-02-22 14:58:46', NULL, 21);
INSERT INTO `rooms` VALUES (149, 805, 6, 1, 6, '2020-02-22 14:58:46', '2020-02-22 14:58:46', NULL, 21);
INSERT INTO `rooms` VALUES (150, 806, 6, 1, 6, '2020-02-22 14:58:46', '2020-02-22 14:58:46', NULL, 21);
INSERT INTO `rooms` VALUES (151, 807, 6, 1, 6, '2020-02-22 14:58:46', '2020-02-22 14:58:46', NULL, 21);
INSERT INTO `rooms` VALUES (152, 808, 6, 1, 6, '2020-02-22 14:58:46', '2020-02-22 14:58:46', NULL, 21);
INSERT INTO `rooms` VALUES (153, 809, 6, 1, 6, '2020-02-22 14:58:46', '2020-02-22 14:58:46', NULL, 21);
INSERT INTO `rooms` VALUES (154, 810, 6, 1, 6, '2020-02-22 14:58:46', '2020-02-22 14:58:46', NULL, 21);
INSERT INTO `rooms` VALUES (155, 811, 6, 1, 6, '2020-02-22 14:58:46', '2020-02-22 14:58:46', NULL, 21);
INSERT INTO `rooms` VALUES (156, 812, 6, 1, 6, '2020-02-22 14:58:46', '2020-02-22 14:58:46', NULL, 21);
INSERT INTO `rooms` VALUES (157, 813, 6, 1, 6, '2020-02-22 14:58:46', '2020-02-22 14:58:46', NULL, 21);
INSERT INTO `rooms` VALUES (158, 814, 6, 1, 6, '2020-02-22 14:58:46', '2020-02-22 14:58:46', NULL, 21);
INSERT INTO `rooms` VALUES (159, 815, 6, 1, 6, '2020-02-22 14:58:46', '2020-02-22 14:58:46', NULL, 21);
INSERT INTO `rooms` VALUES (160, 816, 6, 1, 6, '2020-02-22 14:58:46', '2020-02-22 14:58:46', NULL, 21);
INSERT INTO `rooms` VALUES (161, 817, 6, 1, 6, '2020-02-22 14:58:46', '2020-02-22 14:58:46', NULL, 21);
INSERT INTO `rooms` VALUES (162, 818, 6, 1, 6, '2020-02-22 14:58:46', '2020-02-22 14:58:46', NULL, 21);
INSERT INTO `rooms` VALUES (163, 819, 6, 1, 6, '2020-02-22 14:58:46', '2020-02-22 14:58:46', NULL, 21);
INSERT INTO `rooms` VALUES (164, 820, 6, 1, 6, '2020-02-22 14:58:46', '2020-02-22 14:58:46', NULL, 21);
INSERT INTO `rooms` VALUES (165, 901, 6, 1, 6, '2020-02-22 14:58:46', '2020-02-22 14:58:46', NULL, 22);
INSERT INTO `rooms` VALUES (166, 902, 6, 1, 6, '2020-02-22 14:58:46', '2020-02-22 14:58:46', NULL, 22);
INSERT INTO `rooms` VALUES (167, 903, 6, 1, 6, '2020-02-22 14:58:46', '2020-02-22 14:58:46', NULL, 22);
INSERT INTO `rooms` VALUES (168, 904, 6, 1, 6, '2020-02-22 14:58:46', '2020-02-22 14:58:46', NULL, 22);
INSERT INTO `rooms` VALUES (169, 905, 6, 1, 6, '2020-02-22 14:58:46', '2020-02-22 14:58:46', NULL, 22);
INSERT INTO `rooms` VALUES (170, 906, 6, 1, 6, '2020-02-22 14:58:46', '2020-02-22 14:58:46', NULL, 22);
INSERT INTO `rooms` VALUES (171, 907, 6, 1, 6, '2020-02-22 14:58:46', '2020-02-22 14:58:46', NULL, 22);
INSERT INTO `rooms` VALUES (172, 908, 6, 1, 6, '2020-02-22 14:58:46', '2020-02-22 14:58:46', NULL, 22);
INSERT INTO `rooms` VALUES (173, 909, 6, 1, 6, '2020-02-22 14:58:46', '2020-02-22 14:58:46', NULL, 22);
INSERT INTO `rooms` VALUES (174, 910, 6, 1, 6, '2020-02-22 14:58:46', '2020-02-22 14:58:46', NULL, 22);
INSERT INTO `rooms` VALUES (175, 911, 6, 1, 6, '2020-02-22 14:58:46', '2020-02-22 14:58:46', NULL, 22);
INSERT INTO `rooms` VALUES (176, 912, 6, 1, 6, '2020-02-22 14:58:46', '2020-02-22 14:58:46', NULL, 22);
INSERT INTO `rooms` VALUES (177, 913, 6, 1, 6, '2020-02-22 14:58:46', '2020-02-22 14:58:46', NULL, 22);
INSERT INTO `rooms` VALUES (178, 914, 6, 1, 6, '2020-02-22 14:58:46', '2020-02-22 14:58:46', NULL, 22);
INSERT INTO `rooms` VALUES (179, 915, 6, 1, 6, '2020-02-22 14:58:46', '2020-02-22 14:58:46', NULL, 22);
INSERT INTO `rooms` VALUES (180, 916, 6, 1, 6, '2020-02-22 14:58:46', '2020-02-22 14:58:46', NULL, 22);
INSERT INTO `rooms` VALUES (181, 917, 6, 1, 6, '2020-02-22 14:58:46', '2020-02-22 14:58:46', NULL, 22);
INSERT INTO `rooms` VALUES (182, 918, 6, 1, 6, '2020-02-22 14:58:46', '2020-02-22 14:58:46', NULL, 22);
INSERT INTO `rooms` VALUES (183, 919, 6, 1, 6, '2020-02-22 14:58:46', '2020-02-22 14:58:46', NULL, 22);
INSERT INTO `rooms` VALUES (184, 920, 6, 1, 6, '2020-02-22 14:58:46', '2020-02-22 14:58:46', NULL, 22);
INSERT INTO `rooms` VALUES (185, 101, 7, 1, 6, '2020-02-24 14:22:24', '2020-02-24 14:22:24', NULL, 23);
INSERT INTO `rooms` VALUES (186, 102, 7, 1, 6, '2020-02-24 14:22:24', '2020-02-24 14:22:24', NULL, 23);
INSERT INTO `rooms` VALUES (187, 103, 7, 1, 6, '2020-02-24 14:22:24', '2020-02-24 14:22:24', NULL, 23);
INSERT INTO `rooms` VALUES (188, 104, 7, 1, 6, '2020-02-24 14:22:24', '2020-02-24 14:22:24', NULL, 23);
INSERT INTO `rooms` VALUES (189, 105, 7, 1, 6, '2020-02-24 14:22:24', '2020-02-24 14:22:24', NULL, 23);
INSERT INTO `rooms` VALUES (190, 106, 7, 1, 6, '2020-02-24 14:22:24', '2020-02-24 14:22:24', NULL, 23);
INSERT INTO `rooms` VALUES (191, 107, 7, 1, 6, '2020-02-24 14:22:24', '2020-02-24 14:22:24', NULL, 23);
INSERT INTO `rooms` VALUES (192, 108, 7, 1, 6, '2020-02-24 14:22:24', '2020-02-24 14:22:24', NULL, 23);
INSERT INTO `rooms` VALUES (193, 109, 7, 1, 6, '2020-02-24 14:22:24', '2020-02-24 14:22:24', NULL, 23);
INSERT INTO `rooms` VALUES (194, 110, 7, 1, 6, '2020-02-24 14:22:25', '2020-02-24 14:22:25', NULL, 23);
INSERT INTO `rooms` VALUES (195, 201, 7, 1, 6, '2020-02-24 14:22:25', '2020-02-24 14:22:25', NULL, 24);
INSERT INTO `rooms` VALUES (196, 202, 7, 1, 6, '2020-02-24 14:22:25', '2020-02-24 14:22:25', NULL, 24);
INSERT INTO `rooms` VALUES (197, 203, 7, 1, 6, '2020-02-24 14:22:25', '2020-02-24 14:22:25', NULL, 24);
INSERT INTO `rooms` VALUES (198, 204, 7, 1, 6, '2020-02-24 14:22:25', '2020-02-24 14:22:25', NULL, 24);
INSERT INTO `rooms` VALUES (199, 205, 7, 1, 6, '2020-02-24 14:22:25', '2020-02-24 14:22:25', NULL, 24);
INSERT INTO `rooms` VALUES (200, 206, 7, 1, 6, '2020-02-24 14:22:25', '2020-02-24 14:22:25', NULL, 24);
INSERT INTO `rooms` VALUES (201, 207, 7, 1, 6, '2020-02-24 14:22:25', '2020-02-24 14:22:25', NULL, 24);
INSERT INTO `rooms` VALUES (202, 208, 7, 1, 6, '2020-02-24 14:22:25', '2020-02-24 14:22:25', NULL, 24);
INSERT INTO `rooms` VALUES (203, 209, 7, 1, 6, '2020-02-24 14:22:25', '2020-02-24 14:22:25', NULL, 24);
INSERT INTO `rooms` VALUES (204, 210, 7, 1, 6, '2020-02-24 14:22:25', '2020-02-24 14:22:25', NULL, 24);
INSERT INTO `rooms` VALUES (205, 301, 7, 1, 6, '2020-02-24 14:22:25', '2020-02-24 14:22:25', NULL, 25);
INSERT INTO `rooms` VALUES (206, 302, 7, 1, 6, '2020-02-24 14:22:25', '2020-02-24 14:22:25', NULL, 25);
INSERT INTO `rooms` VALUES (207, 303, 7, 1, 6, '2020-02-24 14:22:25', '2020-02-24 14:22:25', NULL, 25);
INSERT INTO `rooms` VALUES (208, 304, 7, 1, 6, '2020-02-24 14:22:25', '2020-02-24 14:22:25', NULL, 25);
INSERT INTO `rooms` VALUES (209, 305, 7, 1, 6, '2020-02-24 14:22:25', '2020-02-24 14:22:25', NULL, 25);
INSERT INTO `rooms` VALUES (210, 306, 7, 1, 6, '2020-02-24 14:22:25', '2020-02-24 14:22:25', NULL, 25);
INSERT INTO `rooms` VALUES (211, 307, 7, 1, 6, '2020-02-24 14:22:25', '2020-02-24 14:22:25', NULL, 25);
INSERT INTO `rooms` VALUES (212, 308, 7, 1, 6, '2020-02-24 14:22:25', '2020-02-24 14:22:25', NULL, 25);
INSERT INTO `rooms` VALUES (213, 309, 7, 1, 6, '2020-02-24 14:22:25', '2020-02-24 14:22:25', NULL, 25);
INSERT INTO `rooms` VALUES (214, 310, 7, 1, 6, '2020-02-24 14:22:25', '2020-02-24 14:22:25', NULL, 25);
INSERT INTO `rooms` VALUES (215, 101, 9, 1, 6, '2021-03-12 15:21:35', '2021-03-12 15:21:35', NULL, 26);
INSERT INTO `rooms` VALUES (216, 101, 10, 1, 6, '2021-03-12 15:22:13', '2021-03-12 15:22:13', NULL, 27);
INSERT INTO `rooms` VALUES (217, 101, 11, 1, 6, '2021-03-13 03:34:56', '2021-03-13 03:34:56', NULL, 28);
INSERT INTO `rooms` VALUES (218, 102, 11, 1, 6, '2021-03-13 03:34:56', '2021-03-13 03:34:56', NULL, 28);
INSERT INTO `rooms` VALUES (219, 103, 11, 1, 6, '2021-03-13 03:34:56', '2021-03-13 03:34:56', NULL, 28);
INSERT INTO `rooms` VALUES (220, 104, 11, 1, 6, '2021-03-13 03:34:56', '2021-03-13 03:34:56', NULL, 28);
INSERT INTO `rooms` VALUES (221, 105, 11, 1, 6, '2021-03-13 03:34:56', '2021-03-13 03:34:56', NULL, 28);
INSERT INTO `rooms` VALUES (222, 106, 11, 1, 6, '2021-03-13 03:34:56', '2021-03-13 03:34:56', NULL, 28);
INSERT INTO `rooms` VALUES (223, 107, 11, 1, 6, '2021-03-13 03:34:56', '2021-03-13 03:34:56', NULL, 28);
INSERT INTO `rooms` VALUES (224, 108, 11, 1, 6, '2021-03-13 03:34:56', '2021-03-13 03:34:56', NULL, 28);
INSERT INTO `rooms` VALUES (225, 109, 11, 1, 6, '2021-03-13 03:34:56', '2021-03-13 03:34:56', NULL, 28);
INSERT INTO `rooms` VALUES (226, 110, 11, 1, 6, '2021-03-13 03:34:56', '2021-03-13 03:34:56', NULL, 28);
INSERT INTO `rooms` VALUES (227, 101, 12, 1, 6, '2021-03-13 03:36:56', '2021-03-13 03:36:56', NULL, 29);
INSERT INTO `rooms` VALUES (228, 102, 12, 1, 6, '2021-03-13 03:36:56', '2021-03-13 03:36:56', NULL, 29);
INSERT INTO `rooms` VALUES (229, 103, 12, 1, 6, '2021-03-13 03:36:56', '2021-03-13 03:36:56', NULL, 29);
INSERT INTO `rooms` VALUES (230, 104, 12, 1, 6, '2021-03-13 03:36:56', '2021-03-13 03:36:56', NULL, 29);
INSERT INTO `rooms` VALUES (231, 105, 12, 1, 6, '2021-03-13 03:36:56', '2021-03-13 03:36:56', NULL, 29);
INSERT INTO `rooms` VALUES (232, 106, 12, 1, 6, '2021-03-13 03:36:56', '2021-03-13 03:36:56', NULL, 29);
INSERT INTO `rooms` VALUES (233, 107, 12, 1, 6, '2021-03-13 03:36:56', '2021-03-13 03:36:56', NULL, 29);
INSERT INTO `rooms` VALUES (234, 108, 12, 1, 6, '2021-03-13 03:36:56', '2021-03-13 03:36:56', NULL, 29);
INSERT INTO `rooms` VALUES (235, 109, 12, 1, 6, '2021-03-13 03:36:56', '2021-03-13 03:36:56', NULL, 29);
INSERT INTO `rooms` VALUES (236, 110, 12, 1, 6, '2021-03-13 03:36:56', '2021-03-13 03:36:56', NULL, 29);
INSERT INTO `rooms` VALUES (237, 201, 12, 1, 6, '2021-03-13 03:36:56', '2021-03-13 03:36:56', NULL, 30);
INSERT INTO `rooms` VALUES (238, 202, 12, 1, 6, '2021-03-13 03:36:56', '2021-03-13 03:36:56', NULL, 30);
INSERT INTO `rooms` VALUES (239, 203, 12, 1, 6, '2021-03-13 03:36:56', '2021-03-13 03:36:56', NULL, 30);
INSERT INTO `rooms` VALUES (240, 204, 12, 1, 6, '2021-03-13 03:36:56', '2021-03-13 03:36:56', NULL, 30);
INSERT INTO `rooms` VALUES (241, 205, 12, 1, 6, '2021-03-13 03:36:56', '2021-03-13 03:36:56', NULL, 30);
INSERT INTO `rooms` VALUES (242, 206, 12, 1, 6, '2021-03-13 03:36:56', '2021-03-13 03:36:56', NULL, 30);
INSERT INTO `rooms` VALUES (243, 207, 12, 1, 6, '2021-03-13 03:36:57', '2021-03-13 03:36:57', NULL, 30);
INSERT INTO `rooms` VALUES (244, 208, 12, 1, 6, '2021-03-13 03:36:57', '2021-03-13 03:36:57', NULL, 30);
INSERT INTO `rooms` VALUES (245, 209, 12, 1, 6, '2021-03-13 03:36:57', '2021-03-13 03:36:57', NULL, 30);
INSERT INTO `rooms` VALUES (246, 210, 12, 1, 6, '2021-03-13 03:36:57', '2021-03-13 03:36:57', NULL, 30);
INSERT INTO `rooms` VALUES (247, 301, 12, 1, 6, '2021-03-13 03:36:57', '2021-03-13 03:36:57', NULL, 31);
INSERT INTO `rooms` VALUES (248, 302, 12, 1, 6, '2021-03-13 03:36:57', '2021-03-13 03:36:57', NULL, 31);
INSERT INTO `rooms` VALUES (249, 303, 12, 1, 6, '2021-03-13 03:36:57', '2021-03-13 03:36:57', NULL, 31);
INSERT INTO `rooms` VALUES (250, 304, 12, 1, 6, '2021-03-13 03:36:57', '2021-03-13 03:36:57', NULL, 31);
INSERT INTO `rooms` VALUES (251, 305, 12, 1, 6, '2021-03-13 03:36:57', '2021-03-13 03:36:57', NULL, 31);
INSERT INTO `rooms` VALUES (252, 306, 12, 1, 6, '2021-03-13 03:36:57', '2021-03-13 03:36:57', NULL, 31);
INSERT INTO `rooms` VALUES (253, 307, 12, 1, 6, '2021-03-13 03:36:57', '2021-03-13 03:36:57', NULL, 31);
INSERT INTO `rooms` VALUES (254, 308, 12, 1, 6, '2021-03-13 03:36:57', '2021-03-13 03:36:57', NULL, 31);
INSERT INTO `rooms` VALUES (255, 309, 12, 1, 6, '2021-03-13 03:36:57', '2021-03-13 03:36:57', NULL, 31);
INSERT INTO `rooms` VALUES (256, 310, 12, 1, 6, '2021-03-13 03:36:57', '2021-03-13 03:36:57', NULL, 31);

-- ----------------------------
-- Table structure for tokens
-- ----------------------------
DROP TABLE IF EXISTS `tokens`;
CREATE TABLE `tokens`  (
  `id` int(11) NOT NULL AUTO_INCREMENT,
  `createdAt` datetime NOT NULL,
  `updatedAt` datetime NOT NULL,
  `userId` int(11) NULL DEFAULT NULL,
  PRIMARY KEY (`id`) USING BTREE
) ENGINE = InnoDB AUTO_INCREMENT = 49 CHARACTER SET = utf8 COLLATE = utf8_general_ci ROW_FORMAT = Compact;

-- ----------------------------
-- Records of tokens
-- ----------------------------
INSERT INTO `tokens` VALUES (14, '2020-02-21 03:39:33', '2020-02-21 03:39:33', 6);
INSERT INTO `tokens` VALUES (18, '2020-02-21 14:20:08', '2020-02-21 14:20:08', 6);
INSERT INTO `tokens` VALUES (19, '2020-02-21 15:11:56', '2020-02-21 15:11:56', 7);
INSERT INTO `tokens` VALUES (21, '2020-02-22 14:44:33', '2020-02-22 14:44:33', 6);
INSERT INTO `tokens` VALUES (24, '2020-02-24 11:49:11', '2020-02-24 11:49:11', 5);
INSERT INTO `tokens` VALUES (28, '2020-02-24 13:17:01', '2020-02-24 13:17:01', 10);
INSERT INTO `tokens` VALUES (32, '2020-02-24 14:06:02', '2020-02-24 14:06:02', 11);
INSERT INTO `tokens` VALUES (33, '2020-02-24 14:10:27', '2020-02-24 14:10:27', 2);
INSERT INTO `tokens` VALUES (34, '2020-02-24 14:20:32', '2020-02-24 14:20:32', 3);
INSERT INTO `tokens` VALUES (37, '2020-02-24 14:36:36', '2020-02-24 14:36:36', 11);
INSERT INTO `tokens` VALUES (39, '2020-02-25 11:39:29', '2020-02-25 11:39:29', 1);
INSERT INTO `tokens` VALUES (40, '2020-02-25 11:39:50', '2020-02-25 11:39:50', 4);
INSERT INTO `tokens` VALUES (41, '2020-02-25 11:40:01', '2020-02-25 11:40:01', 1);
INSERT INTO `tokens` VALUES (42, '2021-03-12 14:53:57', '2021-03-12 14:53:57', 1);
INSERT INTO `tokens` VALUES (43, '2021-03-12 14:54:27', '2021-03-12 14:54:27', 2);
INSERT INTO `tokens` VALUES (44, '2021-03-12 14:57:15', '2021-03-12 14:57:15', 13);
INSERT INTO `tokens` VALUES (45, '2021-03-12 15:10:18', '2021-03-12 15:10:18', 3);
INSERT INTO `tokens` VALUES (46, '2021-03-12 15:13:37', '2021-03-12 15:13:37', 2);
INSERT INTO `tokens` VALUES (47, '2021-03-12 15:21:08', '2021-03-12 15:21:08', 3);
INSERT INTO `tokens` VALUES (48, '2021-03-13 03:41:25', '2021-03-13 03:41:25', 14);

-- ----------------------------
-- Table structure for users
-- ----------------------------
DROP TABLE IF EXISTS `users`;
CREATE TABLE `users`  (
  `id` int(11) NOT NULL AUTO_INCREMENT,
  `account` varchar(255) CHARACTER SET utf8 COLLATE utf8_general_ci NOT NULL,
  `password` varchar(255) CHARACTER SET utf8 COLLATE utf8_general_ci NOT NULL,
  `role` varchar(255) CHARACTER SET utf8 COLLATE utf8_general_ci NULL DEFAULT 'student',
  `name` varchar(255) CHARACTER SET utf8 COLLATE utf8_general_ci NULL DEFAULT NULL,
  `phone` varchar(255) CHARACTER SET utf8 COLLATE utf8_general_ci NULL DEFAULT NULL,
  `checkTime` datetime NULL DEFAULT NULL COMMENT '入住宿舍时间',
  `createdAt` datetime NOT NULL,
  `updatedAt` datetime NOT NULL,
  `deletedAt` datetime NULL DEFAULT NULL,
  `roomId` int(11) NULL DEFAULT NULL,
  PRIMARY KEY (`id`, `account`) USING BTREE,
  INDEX `roomId`(`roomId`) USING BTREE,
  CONSTRAINT `users_ibfk_1` FOREIGN KEY (`roomId`) REFERENCES `rooms` (`id`) ON DELETE SET NULL ON UPDATE CASCADE
) ENGINE = InnoDB AUTO_INCREMENT = 15 CHARACTER SET = utf8 COLLATE = utf8_general_ci ROW_FORMAT = Compact;

-- ----------------------------
-- Records of users
-- ----------------------------
INSERT INTO `users` VALUES (1, '123456', '$2a$10$vGnvYKcAYAOLwLF7blj2JeyORsf/BDb/5qVsIoC6ohuD0.4zln7P6', 'student', '鸟毛', '12222222222', '2020-02-15 14:57:14', '2020-02-15 14:34:55', '2021-03-13 03:37:04', NULL, NULL);
INSERT INTO `users` VALUES (2, 'admin', '$2a$10$NNZoAxHHO.NJq1AJLzp.4eRBMCRWfJbiPltpJdV3yNV4iP2cASB.K', 'admin', '电竞小子', '1233333', NULL, '2020-02-15 14:34:55', '2020-02-15 14:34:55', NULL, NULL);
INSERT INTO `users` VALUES (3, 'superAdmin', '$2a$10$UzYrrpiCanig0CFGdqONRe.c65B9d9sEOiD1wH6B/oZCXubJKLi6m', 'superAdmin', '电竞李达康', '122222222', NULL, '2020-02-15 14:34:55', '2020-02-24 14:24:53', NULL, NULL);
INSERT INTO `users` VALUES (7, '666666', '$2a$10$h8yVZoEnfOy/DnBnOq4aEOgoS1Zm81b722bV7Na.u0.xBxgzhpURC', 'student', '测试员', '1233333333333', '2020-02-21 15:12:16', '2020-02-21 15:11:55', '2021-03-13 03:37:07', NULL, NULL);
INSERT INTO `users` VALUES (11, '10101010', '$2a$10$urcAJNlkFOpwlJIhPV1l/egzU0uH8eGs8AxgjR5f9JAE6hR7xj7rW', 'student', '测试', '123456', '2020-02-24 14:07:27', '2020-02-24 14:05:57', '2021-03-13 03:37:04', NULL, NULL);
INSERT INTO `users` VALUES (12, 'admin2', '$2a$10$T0477k8Pokm9PbkFpDp6Yerh.ej3I8TTrJa3qxAPRYHWpmJfKQFu2', 'admin', 'admin2', '123', NULL, '2020-02-24 14:21:48', '2020-02-24 14:21:48', NULL, NULL);
INSERT INTO `users` VALUES (13, '2020333', '$2a$10$.o0TrOYRAJx8uLmD6h0px.cZXAbsu/p3zGgDhkJlti.TLwyRxfIdO', 'student', 'col', '123456', '2021-03-12 14:57:34', '2021-03-12 14:57:13', '2021-03-13 03:37:04', NULL, NULL);
INSERT INTO `users` VALUES (14, '2066123', '$2a$10$/qgNL8K6xslqJ6oepR8wEe.mDyv6SrdaiB3.Ml3oaBJeL/gs4yQmS', 'student', 'row', '1595552266', '2021-03-13 03:41:40', '2021-03-13 03:41:24', '2021-03-13 03:41:40', NULL, 216);

SET FOREIGN_KEY_CHECKS = 1;
